{
    "answers": {
        "phase": "design", 
        "action":  "architectural decision", 
        "scope":  "data management", 
        "action experience": 1,
        "language": "n/a", 
        "other language": "<fill in>",
        "aimodel": "chatgpt", 
        "aimodel version": "4.0",
        "open source aimodel": "<fill in>",
        "tool option": "online free",
        "experience with tool": 4,
        "time allocated (h)": "0.5",
        "time saved estimate (h)": "2", 
        "quality of ai help": 5,
        "knowledge acquired": 4,
        "generic feeling - now": 4, 
        "generic feeling - future":  4, 
        "threat level": 3,
        "notes": "<fill in>"
    }
}