{
  "answers": {
    "phase": "requirements specification",
    "action": "use case specification",
    "scope": "uml other",
    "action experience": 3,
    "language": "n/a",
    "other language": "<fill in>",
    "aimodel": "gemini",
    "aimodel version": "<fill in>",
    "open source aimodel": "<fill in>",
    "tool option": "online free",
    "experience with tool": 4,
    "time allocated (h)": "0.20",
    "time saved estimate (h)": "0.5",
    "quality of ai help": 4,
    "knowledge acquired": 2,
    "generic feeling - now": 3,
    "generic feeling - future": 4,
    "threat level": 0,
    "notes": "<fill in>"
  }
}