{
    "answers": {
        "phase": "architecture", 
        "action": "architectural decision", 
        "scope": "uml deployment", 
        "action experience": 0,
        "language": "n/a", 
        "other language": "<fill in>",
        "aimodel": "chatgpt", 
        "aimodel version": "3.5 TURBO",
        "open source aimodel": "<fill in>",
        "tool option": "online free", 
        "experience with tool": 4,
        "time allocated (h)": "0.5",
        "time saved estimate (h)": "1", 
        "quality of ai help": 4,
        "knowledge acquired": 4,
        "generic feeling - now": 4,
        "generic feeling - future": 5,
        "threat level": 3,
        "notes": "<fill in>"
    }
}