{
    "answers": {
        "phase": "coding",
        "action": "source code authoring",
        "scope": "messaging design",
        "action experience": 4,
        "language": "python",
        "other language": "<fill in>",
        "aimodel": "gemini",
        "aimodel version": "2.0",
        "open source aimodel": "<fill in>",
        "tool option": "online free",
        "experience with tool": 4,
        "time allocated (h)": "1",
        "time saved estimate (h)": "5", 
        "quality of ai help": 4,
        "knowledge acquired": 4,
        "generic feeling - now": 4,
        "generic feeling - future": 4,
        "threat level": 3,
        "notes": "also used claude to modify code and gave it back to gemini"
    }
}