{
  "answers": {
    "phase": "design",
    "action": "problem understanding",
    "scope": "uml component",
    "action experience": 2,
    "language": "python",
    "other language": "<fill in>",
    "aimodel": "gemini",
    "aimodel version": "<fill in>",
    "open source aimodel": "<fill in>",
    "tool option": "online free",
    "experience with tool": 4,
    "time allocated (h)": "0.15",
    "time saved estimate (h)": "0",
    "quality of ai help": 2,
    "knowledge acquired": 3,
    "generic feeling - now": 2,
    "generic feeling - future": 3,
    "threat level": 0,
    "notes": "<fill in>"
  }
}