{
   "answers": {
       "phase": "coding",
       "action": "problem understanding",
       "scope":  "backend",
       "action experience": 4,
       "language": "python",
       "other language": "<fill in>",
       "aimodel": "chatgpt",
       "aimodel version": "<fill in>",
       "open source aimodel": "<fill in>",
       "tool option": "online free",
       "experience with tool":  4,
       "time allocated (h)": "0.75",
       "time saved estimate (h)": "2.5", 
       "quality of ai help":  3,
       "knowledge acquired": 4,
       "generic feeling - now": 2,
       "generic feeling - future": 3,
       "threat level": 1,
       "notes": "<fill in>"
   }
}