{
    "answers": {
        "phase": "requirements specification",
        "action": "architectural decision",
        "scope": "uml other",
        "action experience": 2,
        "language": "n/a",
        "other language": "<fill in>",
        "aimodel": "chatgpt",
        "aimodel version": "4o",
        "open source aimodel": "<fill in>",
        "tool option": "online free",
        "experience with tool": 2,
        "time allocated (h)": "0.1",
        "time saved estimate (h)": "0", 
        "quality of ai help": 1,
        "knowledge acquired": 1,
        "generic feeling - now": 2,
        "generic feeling - future": 2,
        "threat level": 0,
        "notes": "<fill in>"
    }
}