{
    "answers": {
        "phase": "architecture", 
        "action": "architectural decision", 
        "scope": "uml component",  
        "action experience": 1,
        "language": "n/a",
        "other language": "<fill in>",
        "aimodel": "chatgpt", 
        "aimodel version": "CHAT-GPT 4.0",
        "open source aimodel": "<fill in>",
        "tool option": "online free", 
        "experience with tool":  4, 
        "time allocated (h)": "1",
        "time saved estimate (h)": "3", 
        "quality of ai help":  3,
        "knowledge acquired": 3, 
        "generic feeling - now": 4, 
        "generic feeling - future":  4, 
        "threat level": 3,
        "notes": "<fill in>"
    }
}