{
    "answers": {
        "phase": "design", 
        "action": "design decision",
        "scope": "uml activity", 
        "action experience": 3,
        "language": "n/a",
        "other language": "<fill in>",
        "aimodel": "chatgpt",
        "aimodel version": "4",
        "open source aimodel": "no",
        "tool option": "online free",
        "experience with tool": 3,
        "time allocated (h)": "0.1",
        "time saved estimate (h)": "0.3", 
        "quality of ai help": 3,
        "knowledge acquired": 3,
        "generic feeling - now": 3,
        "generic feeling - future": 4,
        "threat level": 4,
        "notes": "<fill in>"
    }
}