{
  "answers": {
    "phase": "requirements gathering",
    "action": "problem understanding",
    "scope": "backend",
    "action experience": 5,
    "language": "json",
    "other language": "<fill in>",
    "aimodel": "chatgpt",
    "aimodel version": "<fill in>",
    "open source aimodel": "<fill in>",
    "tool option": "online free",
    "experience with tool": 5,
    "time allocated (h)": "0.25",
    "time saved estimate (h)": "3",
    "quality of ai help": 5,
    "knowledge acquired": 5,
    "generic feeling - now": 5,
    "generic feeling - future": 5,
    "threat level": 1,
    "notes": "<fill in>"
  }
}