{
    "answers": {
        "phase": "coding",
        "action": "source code authoring",
        "scope": "messaging design",
        "action experience": 1,
        "language": "python",
        "other language": "<fill in>",
        "aimodel": "chatgpt",
        "aimodel version": "4o",
        "open source aimodel": "<fill in>",
        "tool option": "online free",
        "experience with tool": 4,
        "time allocated (h)": "0.1",
        "time saved estimate (h)": "0", 
        "quality of ai help": 4,
        "knowledge acquired": 1,
        "generic feeling - now": 3,
        "generic feeling - future": 3,
        "threat level": 2,
        "notes": "<fill in>"
    }
}