{
    "answers": {
        "phase":  "architecture", 
        "action": "architectural decision", 
        "scope":  "api", 
        "action experience": 1,
        "language": "n/a", 
        "other language": "<fill in>",
        "aimodel": "chatgpt",
        "aimodel version": "3.5",
        "open source aimodel": "<fill in>",
        "tool option": "online free", 
        "experience with tool": 4,
        "time allocated (h)": "0.5",
        "time saved estimate (h)": "1.5", 
        "quality of ai help": 4,
        "knowledge acquired": 5,
        "generic feeling - now": 4,
        "generic feeling - future": 4,
        "threat level": 2,
        "notes": "<fill in>"
    }
}