{
  "answers": {
    "phase": "design",
    "action": "problem understanding",
    "scope": "uml other",
    "action experience": 2,
    "language": "n/a",
    "other language": "<fill in>",
    "aimodel": "chatgpt",
    "aimodel version": "4o",
    "open source aimodel": "4o",
    "tool option": "online free",
    "experience with tool": 3,
    "time allocated (h)": "0.1",
    "time saved estimate (h)": "0.5",
    "quality of ai help": 3,
    "knowledge acquired": 4,
    "generic feeling - now": 3,
    "generic feeling - future": 3,
    "threat level": 1,
    "notes": "<fill in>"
  }
}