{
    "answers": {
        "phase": "design", 
        "action": "problem understanding", 
        "scope":  "frontend", 
        "action experience":  4, 
        "language": "n/a",
        "other language": "<fill in>",
        "aimodel": "chatgpt", 
        "aimodel version": "CHAT-GPT 3.5 TURBO",
        "open source aimodel": "<fill in>",
        "tool option": "online free", 
        "experience with tool":  4,
        "time allocated (h)": "0.75",
        "time saved estimate (h)": "1", 
        "quality of ai help": 4,
        "knowledge acquired":  1, 
        "generic feeling - now": 4, 
        "generic feeling - future":  5,
        "threat level":  3,
        "notes": "<fill in>"
    }
}