{
  "answers": {
    "phase": "architecture",
    "action": "unit testing",
    "scope": "api",
    "action experience": 5,
    "language": "python",
    "other language": "<fill in>",
    "aimodel": "gemini",
    "aimodel version": "<fill in>",
    "open source aimodel": "<fill in>",
    "tool option": "online free",
    "experience with tool": 4,
    "time allocated (h)": "0.30",
    "time saved estimate (h)": "0.75",
    "quality of ai help": 5,
    "knowledge acquired": 2,
    "generic feeling - now": 5,
    "generic feeling - future": 5,
    "threat level": 0,
    "notes": "<fill in>"
  }
}