{
    "answers": {
        "phase": "design",
        "action": "problem understanding", 
        "scope":  "uml other", 
        "action experience": 3, 
        "language": "n/a", 
        "other language": "<fill in>",
        "aimodel": "chatgpt", 
        "aimodel version": "4",
        "open source aimodel": "no",
        "tool option": "online free", 
        "experience with tool":  4, 
        "time allocated (h)": "0.3",
        "time saved estimate (h)": "1", 
        "quality of ai help": 3, 
        "knowledge acquired": 3,
        "generic feeling - now": 4,
        "generic feeling - future": 3,
        "threat level": 3,
        "notes": "<fill in>"
    }
}