{
  "answers": {
    "phase": "architecture",
    "action": "problem understanding",
    "scope": "backend",
    "action experience": 5,
    "language": "python",
    "other language": "<fill in>",
    "aimodel": "gemini",
    "aimodel version": "<fill in>",
    "open source aimodel": "<fill in>",
    "tool option": "online free",
    "experience with tool": 5,
    "time allocated (h)": "0.1",
    "time saved estimate (h)": "1",
    "quality of ai help": 5,
    "knowledge acquired": 5,
    "generic feeling - now": 5,
    "generic feeling - future": 5,
    "threat level": 0,
    "notes": "<fill in>"
  }
}