{
  "answers": {
    "phase": "testing",
    "action": "functional testing",
    "scope": "deployment scripts",
    "action experience": 3,
    "language": "python",
    "other language": "<fill in>",
    "aimodel": "gemini",
    "aimodel version": "<fill in>",
    "open source aimodel": "<fill in>",
    "tool option": "online free",
    "experience with tool": 4,
    "time allocated (h)": "<fill in>",
    "time saved estimate (h)": "<fill in>",
    "quality of ai help": 4,
    "knowledge acquired": 2,
    "generic feeling - now": 2,
    "generic feeling - future": 3,
    "threat level": 0,
    "notes": "<fill in>"
  }
}