{
    "answers": {
        "phase": "architecture",
        "action": "problem understanding", 
        "scope":  "api", 
        "action experience": 3,
        "language": "n/a",
        "other language": "<fill in>",
        "aimodel": "chatgpt",
        "aimodel version": "4",
        "open source aimodel": "no",
        "tool option": "online free",
        "experience with tool":  4,
        "time allocated (h)": "0.2",
        "time saved estimate (h)": "1", 
        "quality of ai help":  4, 
        "knowledge acquired":  4, 
        "generic feeling - now":  4,
        "generic feeling - future":  4, 
        "threat level":  4, 
        "notes": "<fill in>"
    }
}