{
    "answers": {
        "phase": "architecture", 
        "action": "problem understanding",
        "scope":  "uml deployment",
        "action experience": 3,
        "language": "n/a",
        "other language": "<fill in>",
        "aimodel": "chatgpt",
        "aimodel version": "4",
        "open source aimodel": "no",
        "tool option": "online free", 
        "experience with tool": 3,
        "time allocated (h)": "0.3",
        "time saved estimate (h)": "2", 
        "quality of ai help": 3,
        "knowledge acquired": 2,
        "generic feeling - now": 3,
        "generic feeling - future": 4,
        "threat level": 3,
        "notes": "<fill in>"
    }
}