{
    "answers": {
        "phase":  "design", 
        "action":  "design decision",
        "scope":  "uml activity", 
        "action experience": 1,
        "language": "n/a", 
        "other language": "<fill in>",
        "aimodel": "chatgpt",
        "aimodel version": "3.5 TURBO",
        "open source aimodel": "<fill in>",
        "tool option": "online free", 
        "experience with tool": 4,
        "time allocated (h)": "0.5",
        "time saved estimate (h)": "0.5", 
        "quality of ai help": 3,
        "knowledge acquired": 3,
        "generic feeling - now": 4,
        "generic feeling - future": 5,
        "threat level": 2,
        "notes": "<fill in>"
    }
}