{
    "answers": {
        "phase": "coding", 
        "action":   "source code authoring",
        "scope": "frontend", 
        "action experience": 4,
        "language":  "js",
        "other language": "<fill in>",
        "aimodel": "chatgpt",
        "aimodel version": "CHAT-GPT 3.5 TURBO",
        "open source aimodel": "<fill in>",
        "tool option": "online free", 
        "experience with tool":  4, 
        "time allocated (h)": "2",
        "time saved estimate (h)": "5", 
        "quality of ai help": 4, 
        "knowledge acquired": 3,
        "generic feeling - now":  3,
        "generic feeling - future": 4,
        "threat level":  3, 
        "notes": "<fill in>"
    }
}