timestamp,tollID,tagRef,tagHomeID,charge
2022-07-03 20:30,EG36,MOV86WZS3,MO,1.0
2022-07-03 20:53,EG01,NAO5UQPGB7,NAO,3.0
2022-07-03 20:56,NAO13,NAOHL1N13J,NAO,2.5
2022-07-03 21:15,MO09,AMV3A3ZMF,AM,2.7
2022-07-03 21:35,KO05,KOWM31YIH,KO,1.9
2022-07-03 21:58,AM08,AMXAJI0Y6,AM,2.8
2022-07-03 22:01,NO01,NOXFGCAQV,NO,3.85
2022-07-03 22:07,EG26,EG7UR23GD,EG,1.8
2022-07-03 22:53,AM06,AMHJ7XVG0,AM,3.6
2022-07-03 23:41,EG30,EG9CHJ755,EG,1.5
2022-07-04 00:53,KO08,KOIXA11DP,KO,1.85
2022-07-04 00:57,NO01,NO7PTX63C,NO,3.85
2022-07-04 01:16,NAO15,NAO09SKDGI,NAO,2.5
2022-07-04 01:27,NAO22,NAO5ZJA8DZ,NAO,2.5
2022-07-04 01:28,EG14,OO3KKV9RF,OO,1.2
2022-07-04 01:28,KO07,KONCXLL4Z,KO,1.85
2022-07-04 01:38,NO06,GE5A0L725,GE,3.25
2022-07-04 02:23,OO03,OOZSJ49IT,OO,2.4
2022-07-04 02:34,KO01,KONCXLL4Z,KO,3.4
2022-07-04 02:36,AM09,NAO09SKDGI,NAO,3.1
2022-07-04 03:53,KO03,KONCXLL4Z,KO,2.95
2022-07-04 04:07,NAO27,NAO5UQPGB7,NAO,2.5
2022-07-04 04:29,NAO05,NAO5ZJA8DZ,NAO,2.5
2022-07-04 04:36,EG26,NOE1V2ISQ,NO,1.8
2022-07-04 04:38,AM06,AMH9SDBDW,AM,3.6
2022-07-04 05:00,EG30,EG7UR23GD,EG,1.5
2022-07-04 05:05,NO01,EGRHOCN9J,EG,3.85
2022-07-04 05:20,NAO25,NAO09SKDGI,NAO,2.5
2022-07-04 06:14,NAO28,NAOHAFEYUH,NAO,2.5
2022-07-04 06:16,OO10,OOQ0OXFQ8,OO,2.5
2022-07-04 06:27,AM06,KOIXA11DP,KO,3.6
2022-07-04 06:33,AM02,AMNT3W5UZ,AM,2.0
2022-07-04 07:36,NO07,NAOP0J43D5,NAO,3.55
2022-07-04 07:43,MO08,KONCXLL4Z,KO,3.15
2022-07-04 08:08,EG10,NAO09SKDGI,NAO,0.9
2022-07-04 08:21,OO02,NAO09SKDGI,NAO,2.3
2022-07-04 08:36,OO04,NOXFGCAQV,NO,2.4
2022-07-04 08:50,AM02,AMXAJI0Y6,AM,2.0
2022-07-04 09:06,NAO22,NAOVZ41NAM,NAO,2.5
2022-07-04 09:34,KO07,NAOP0J43D5,NAO,1.85
2022-07-04 09:46,KO05,EGVWPVS7H,EG,1.9
2022-07-04 10:22,NO02,EGC11ERTJ,EG,3.85
2022-07-04 10:25,EG29,EG7UR23GD,EG,1.5
2022-07-04 10:46,NAO32,NAO5UQPGB7,NAO,2.5
2022-07-04 10:51,OO08,OO1B0Z3NX,OO,1.9
2022-07-04 11:04,OO03,OO1B0Z3NX,OO,2.4
2022-07-04 11:44,AM01,NOE1V2ISQ,NO,2.0
2022-07-04 12:03,NAO15,NAOLY8OZCY,NAO,2.5
2022-07-04 12:10,NAO20,AMH9SDBDW,AM,2.5
2022-07-04 12:26,NO11,NOQLL8OS9,NO,3.35
2022-07-04 12:33,OO04,OO7PZE9VI,OO,2.4
2022-07-04 12:55,NO02,NOE1V2ISQ,NO,3.85
2022-07-04 13:34,EG33,EGIGQPKI7,EG,2.0
2022-07-04 13:53,NO10,NOQLL8OS9,NO,4.2
2022-07-04 14:23,EG06,EG9CHJ755,EG,1.7
2022-07-04 15:05,EG34,EGUT0CVS4,EG,2.0
2022-07-04 15:09,KO02,EG9CHJ755,EG,3.4
2022-07-04 15:32,KO09,KOJDP0LVS,KO,2.05
2022-07-04 15:43,EG21,NOXFGCAQV,NO,1.6
2022-07-04 17:20,NAO19,EGYTJXEPQ,EG,2.5
2022-07-04 17:33,EG03,EGUT0CVS4,EG,1.2
2022-07-04 17:38,OO10,AMHJ7XVG0,AM,2.5
2022-07-04 18:19,NAO40,NAOHL1N13J,NAO,2.5
2022-07-04 18:29,EG10,EGVWPVS7H,EG,0.9
2022-07-04 19:05,EG11,EGIGQPKI7,EG,0.5
2022-07-04 19:11,NAO32,NAOP0J43D5,NAO,2.5
2022-07-04 19:11,NO01,OOQ0OXFQ8,OO,3.85
2022-07-04 19:16,NAO37,NAOBMYOFQE,NAO,2.5
2022-07-04 19:41,OO05,OO3KKV9RF,OO,3.5
2022-07-04 19:52,AM10,AMHJ7XVG0,AM,3.1
2022-07-04 20:27,EG20,EGIGQPKI7,EG,1.4
2022-07-04 20:58,KO04,NOE1V2ISQ,NO,2.95
2022-07-04 21:10,NAO08,NAOVZ41NAM,NAO,2.5
2022-07-04 21:19,NAO33,NAOP0J43D5,NAO,2.5
2022-07-04 21:42,NAO38,NAO09SKDGI,NAO,2.5
2022-07-04 21:47,MO09,MOJCKJLTE,MO,2.7
2022-07-04 21:53,KO03,KOWM31YIH,KO,2.95
2022-07-04 22:16,AM02,AMNT3W5UZ,AM,2.0
2022-07-04 22:39,OO01,OOZSJ49IT,OO,2.3
2022-07-04 23:07,EG33,EG9CHJ755,EG,2.0
2022-07-05 00:36,KO04,KOIXA11DP,KO,2.95
2022-07-05 01:01,AM09,NOQLL8OS9,NO,3.1
2022-07-05 01:02,MO04,MOJCKJLTE,MO,2.1
2022-07-05 01:53,EG37,KOJDP0LVS,KO,1.4
2022-07-05 03:36,AM08,EGYTJXEPQ,EG,2.8
2022-07-05 03:43,MO11,NO7PTX63C,NO,2.05
2022-07-05 04:14,NAO21,NAOHL1N13J,NAO,2.5
2022-07-05 04:49,NAO03,KOJDP0LVS,KO,2.5
2022-07-05 04:51,NO09,NAOBMYOFQE,NAO,4.2
2022-07-05 04:52,MO02,MOV86WZS3,MO,1.35
2022-07-05 05:05,NAO40,NAOHL1N13J,NAO,2.5
2022-07-05 05:08,NAO36,EGVWPVS7H,EG,2.5
2022-07-05 05:11,OO09,EGVWPVS7H,EG,2.5
2022-07-05 05:18,OO01,OOZSJ49IT,OO,2.3
2022-07-05 05:39,EG20,EGIGQPKI7,EG,1.4
2022-07-05 06:04,NO01,OOQ0OXFQ8,OO,3.85
2022-07-05 06:54,NO06,NO7PTX63C,NO,3.25
2022-07-05 07:02,EG07,EGSEIMVIH,EG,1.8
2022-07-05 07:08,KO09,KOWM31YIH,KO,2.05
2022-07-05 07:11,NO07,AMV3A3ZMF,AM,3.55
2022-07-05 07:13,NAO40,NAOHL1N13J,NAO,2.5
2022-07-05 07:35,NO13,NOE1V2ISQ,NO,4.15
2022-07-05 07:50,AM02,AMV3A3ZMF,AM,2.0
2022-07-05 08:05,NAO26,EGF1T2TAL,EG,2.5
2022-07-05 08:13,OO08,NAOHL1N13J,NAO,1.9
2022-07-05 08:14,OO08,NAOHL1N13J,NAO,1.9
2022-07-05 08:18,NO05,NORCBPLJD,NO,3.25
2022-07-05 08:18,NO09,NOE1V2ISQ,NO,4.2
2022-07-05 08:57,NAO40,NAOP0J43D5,NAO,2.5
2022-07-05 09:14,AM06,EG7UR23GD,EG,3.6
2022-07-05 09:19,AM02,AMXAJI0Y6,AM,2.0
2022-07-05 09:58,NAO39,NAOURTP0LZ,NAO,2.5
2022-07-05 10:17,MO01,NO7PTX63C,NO,1.35
2022-07-05 10:33,NAO38,NAOHAFEYUH,NAO,2.5
2022-07-05 10:43,NAO02,NAOP0J43D5,NAO,2.5
2022-07-05 11:34,NAO20,AMH9SDBDW,AM,2.5
2022-07-05 11:41,NO02,NOXFGCAQV,NO,3.85
2022-07-05 11:55,KO09,EGC11ERTJ,EG,2.05
2022-07-05 13:50,AM06,AMHJ7XVG0,AM,3.6
2022-07-05 14:07,GE02,EGVWPVS7H,EG,14.7
2022-07-05 14:33,AM02,AMHJ7XVG0,AM,2.0
2022-07-05 15:25,AM08,AMNT3W5UZ,AM,2.8
2022-07-05 15:29,NAO11,EGSEIMVIH,EG,2.5
2022-07-05 15:56,MO05,NAOLY8OZCY,NAO,2.6
2022-07-05 16:08,MO10,MOJCKJLTE,MO,2.7
2022-07-05 16:12,NO11,NOQLL8OS9,NO,3.35
2022-07-05 16:43,KO03,KOJDP0LVS,KO,2.95
2022-07-05 16:56,NO05,KONCXLL4Z,KO,3.25
2022-07-05 17:01,NAO18,EGF1T2TAL,EG,2.5
2022-07-05 17:07,OO09,OO3KKV9RF,OO,2.5
2022-07-05 17:47,EG10,EGC11ERTJ,EG,0.9
2022-07-05 17:52,NAO07,NAO5ZJA8DZ,NAO,2.5
2022-07-05 17:59,AM10,AMV3A3ZMF,AM,3.1
2022-07-05 19:35,EG16,EGYTJXEPQ,EG,1.2
2022-07-05 19:36,EG12,NAOP0J43D5,NAO,0.5
2022-07-05 19:36,EG15,AMHJ7XVG0,AM,1.2
2022-07-05 19:56,NAO06,NAOLY8OZCY,NAO,2.5
2022-07-05 19:59,NO02,NOXFGCAQV,NO,3.85
2022-07-05 20:10,EG15,NOXFGCAQV,NO,1.2
2022-07-05 20:43,OO05,OOZSJ49IT,OO,3.5
2022-07-05 21:04,NAO15,NAO09SKDGI,NAO,2.5
2022-07-05 21:07,KO10,KONCXLL4Z,KO,2.05
2022-07-05 22:39,NAO01,NAOBMYOFQE,NAO,2.5
2022-07-05 23:16,NAO28,AMNT3W5UZ,AM,2.5
2022-07-05 23:40,AM06,AMH9SDBDW,AM,3.6
2022-07-05 23:58,NO04,NOX6GVWRD,NO,3.25
2022-07-06 00:01,NAO21,NAOHAFEYUH,NAO,2.5
2022-07-06 00:54,KO05,KOJDP0LVS,KO,1.9
2022-07-06 01:24,EG11,OO1B0Z3NX,OO,0.5
2022-07-06 01:25,AM05,AMH9SDBDW,AM,3.6
2022-07-06 01:44,NAO20,NAO5UQPGB7,NAO,2.5
2022-07-06 02:09,OO03,OOZSJ49IT,OO,2.4
2022-07-06 03:02,NAO11,NAOLY8OZCY,NAO,2.5
2022-07-06 03:09,NAO38,NAO5ZJA8DZ,NAO,2.5
2022-07-06 03:13,EG29,EGYTJXEPQ,EG,1.5
2022-07-06 03:47,AM04,AMH9SDBDW,AM,2.2
2022-07-06 04:13,NO10,NOX6GVWRD,NO,4.2
2022-07-06 04:27,EG33,EGYTJXEPQ,EG,2.0
2022-07-06 04:34,EG21,EGF1T2TAL,EG,1.6
2022-07-06 04:35,NAO01,NAOURTP0LZ,NAO,2.5
2022-07-06 04:36,EG36,MOJCKJLTE,MO,1.0
2022-07-06 04:41,NO07,EGF1T2TAL,EG,3.55
2022-07-06 04:48,EG36,EGF1T2TAL,EG,1.0
2022-07-06 05:12,OO09,EGRHOCN9J,EG,2.5
2022-07-06 05:19,KO09,KOWM31YIH,KO,2.05
2022-07-06 05:40,NO02,NOXFGCAQV,NO,3.85
2022-07-06 05:52,EG29,AMH9SDBDW,AM,1.5
2022-07-06 05:57,KO07,KOWKTAKPU,KO,1.85
2022-07-06 06:03,EG20,EGIGQPKI7,EG,1.4
2022-07-06 06:17,EG22,EG7UR23GD,EG,1.6
2022-07-06 07:16,EG07,EGUT0CVS4,EG,1.8
2022-07-06 07:33,KO09,KOIXA11DP,KO,2.05
2022-07-06 08:09,OO10,OO1B0Z3NX,OO,2.5
2022-07-06 08:21,NAO11,EGSEIMVIH,EG,2.5
2022-07-06 08:24,NAO25,NAOHL1N13J,NAO,2.5
2022-07-06 08:44,NO01,NORCBPLJD,NO,3.85
2022-07-06 08:45,AM09,KOWM31YIH,KO,3.1
2022-07-06 09:28,AM01,NAO5UQPGB7,NAO,2.0
2022-07-06 09:41,NAO24,NAONSM43D8,NAO,2.5
2022-07-06 10:01,OO07,OO3KKV9RF,OO,1.9
2022-07-06 10:01,OO03,NAOVZ41NAM,NAO,2.4
2022-07-06 10:13,EG07,AMH9SDBDW,AM,1.8
2022-07-06 11:26,AM02,AMNT3W5UZ,AM,2.0
2022-07-06 11:45,NO01,NOX6GVWRD,NO,3.85
2022-07-06 12:27,KO02,KOWM31YIH,KO,3.4
2022-07-06 13:09,NAO34,NAOURTP0LZ,NAO,2.5
2022-07-06 13:42,NAO22,NAOLY8OZCY,NAO,2.5
2022-07-06 13:50,AM09,NOQLL8OS9,NO,3.1
2022-07-06 14:33,NAO30,NAONSM43D8,NAO,2.5
2022-07-06 14:37,MO01,MOV86WZS3,MO,1.35
2022-07-06 14:40,AM04,AMV3A3ZMF,AM,2.2
2022-07-06 14:56,EG07,EGSEIMVIH,EG,1.8
2022-07-06 15:12,NAO05,EGUT0CVS4,EG,2.5
2022-07-06 15:47,EG24,EGSEIMVIH,EG,1.4
2022-07-06 16:01,NAO20,AMH9SDBDW,AM,2.5
2022-07-06 16:19,AM01,AMH9SDBDW,AM,2.0
2022-07-06 17:53,EG08,EGVWPVS7H,EG,1.8
2022-07-06 18:19,KO09,EGIGQPKI7,EG,2.05
2022-07-06 18:54,EG12,EGC11ERTJ,EG,0.5
2022-07-06 19:31,EG06,EGIGQPKI7,EG,1.7
2022-07-06 20:25,NAO06,NAOP0J43D5,NAO,2.5
2022-07-06 20:32,NO05,NOX6GVWRD,NO,3.25
2022-07-06 20:57,OO05,NO7PTX63C,NO,3.5
2022-07-06 21:05,NAO34,NOXFGCAQV,NO,2.5
2022-07-06 21:21,EG18,NAOBMYOFQE,NAO,2.1
2022-07-06 21:22,NAO12,AMXAJI0Y6,AM,2.5
2022-07-06 21:35,NAO28,NAOHAFEYUH,NAO,2.5
2022-07-06 22:10,NO11,NAOBMYOFQE,NAO,3.35
2022-07-06 22:17,AM05,AMLJH75LX,AM,3.6
2022-07-06 22:20,EG21,EG7UR23GD,EG,1.6
2022-07-06 22:44,EG28,EGF1T2TAL,EG,1.4
2022-07-06 22:51,AM07,NAOP0J43D5,NAO,2.8
2022-07-06 23:04,NO04,NOE1V2ISQ,NO,3.25
2022-07-06 23:35,NAO33,NAOHL1N13J,NAO,2.5
2022-07-06 23:38,NAO31,NAOURTP0LZ,NAO,2.5
2022-07-07 00:29,NAO34,MOV86WZS3,MO,2.5
2022-07-07 00:36,OO02,NOQLL8OS9,NO,2.3
2022-07-07 00:38,MO08,MOJCKJLTE,MO,3.15
2022-07-07 00:48,AM02,AMHJ7XVG0,AM,2.0
2022-07-07 00:57,NAO09,NOX6GVWRD,NO,2.5
2022-07-07 01:46,NAO10,EGSEIMVIH,EG,2.5
2022-07-07 03:14,NAO06,OO7PZE9VI,OO,2.5
2022-07-07 03:23,EG32,NAO5ZJA8DZ,NAO,1.4
2022-07-07 04:14,OO05,OOZSJ49IT,OO,3.5
2022-07-07 04:48,EG10,EGC11ERTJ,EG,0.9
2022-07-07 04:55,AM02,AMNT3W5UZ,AM,2.0
2022-07-07 05:11,KO02,NAOLY8OZCY,NAO,3.4
2022-07-07 05:20,NO01,NOE1V2ISQ,NO,3.85
2022-07-07 05:32,OO03,OO1B0Z3NX,OO,2.4
2022-07-07 05:35,AM07,AMV3A3ZMF,AM,2.8
2022-07-07 05:45,AM05,AMV3A3ZMF,AM,3.6
2022-07-07 06:34,EG31,EGUT0CVS4,EG,1.4
2022-07-07 06:35,AM07,NAO5UQPGB7,NAO,2.8
2022-07-07 07:20,NAO20,AMH9SDBDW,AM,2.5
2022-07-07 07:32,NAO37,NAOHL1N13J,NAO,2.5
2022-07-07 07:45,AM05,NAOHAFEYUH,NAO,3.6
2022-07-07 08:27,NO14,NORCBPLJD,NO,4.15
2022-07-07 08:37,EG31,EGC11ERTJ,EG,1.4
2022-07-07 08:42,NO04,NOX6GVWRD,NO,3.25
2022-07-07 08:47,EG01,NAO5UQPGB7,NAO,3.0
2022-07-07 09:06,NO06,EGRHOCN9J,EG,3.25
2022-07-07 09:09,NO02,NO7PTX63C,NO,3.85
2022-07-07 09:25,KO01,KOJDP0LVS,KO,3.4
2022-07-07 09:41,NO03,NOE1V2ISQ,NO,3.25
2022-07-07 10:47,NAO10,NAO5UQPGB7,NAO,2.5
2022-07-07 11:17,OO10,OOQ0OXFQ8,OO,2.5
2022-07-07 11:18,KO01,KONCXLL4Z,KO,3.4
2022-07-07 11:31,NO10,NOXFGCAQV,NO,4.2
2022-07-07 11:40,NAO15,NAO09SKDGI,NAO,2.5
2022-07-07 11:56,EG33,EGRHOCN9J,EG,2.0
2022-07-07 12:31,AM06,AMLJH75LX,AM,3.6
2022-07-07 12:36,EG33,EGVWPVS7H,EG,2.0
2022-07-07 12:39,MO11,NO7PTX63C,NO,2.05
2022-07-07 12:58,NAO20,NAO5UQPGB7,NAO,2.5
2022-07-07 13:13,KO03,KOWM31YIH,KO,2.95
2022-07-07 13:57,OO05,OO3KKV9RF,OO,3.5
2022-07-07 14:09,NO03,AMXAJI0Y6,AM,3.25
2022-07-07 14:56,KO10,KOJDP0LVS,KO,2.05
2022-07-07 15:09,EG18,NAOBMYOFQE,NAO,2.1
2022-07-07 15:11,AM02,AMXAJI0Y6,AM,2.0
2022-07-07 15:19,AM05,AMLJH75LX,AM,3.6
2022-07-07 15:30,MO05,MOV86WZS3,MO,2.6
2022-07-07 15:42,NAO07,NAOBMYOFQE,NAO,2.5
2022-07-07 16:55,OO04,NAOVZ41NAM,NAO,2.4
2022-07-07 17:10,AM04,KOWKTAKPU,KO,2.2
2022-07-07 17:17,EG05,EGIGQPKI7,EG,1.7
2022-07-07 17:31,AM10,AMV3A3ZMF,AM,3.1
2022-07-07 17:42,NAO21,NAO5UQPGB7,NAO,2.5
2022-07-07 17:59,KO07,KOJDP0LVS,KO,1.85
2022-07-07 17:59,AM05,AMH9SDBDW,AM,3.6
2022-07-07 18:08,EG24,EGYTJXEPQ,EG,1.4
2022-07-07 18:35,EG36,EGC11ERTJ,EG,1.0
2022-07-07 18:37,KO02,AMHJ7XVG0,AM,3.4
2022-07-07 18:41,NO06,EGVWPVS7H,EG,3.25
2022-07-07 19:03,EG08,EGSEIMVIH,EG,1.8
2022-07-07 19:30,NAO07,NAOVZ41NAM,NAO,2.5
2022-07-07 19:32,NAO05,NAO5ZJA8DZ,NAO,2.5
2022-07-07 20:13,NAO41,NAO09SKDGI,NAO,2.5
2022-07-07 21:03,KO06,NORCBPLJD,NO,1.9
2022-07-07 21:08,KO07,NAOP0J43D5,NAO,1.85
2022-07-07 21:24,OO06,KOIXA11DP,KO,3.5
2022-07-07 21:36,NAO01,NAOBMYOFQE,NAO,2.5
2022-07-07 21:47,KO09,KONCXLL4Z,KO,2.05
2022-07-07 21:52,OO04,OOQ0OXFQ8,OO,2.4
2022-07-07 22:13,NAO05,KONCXLL4Z,KO,2.5
2022-07-07 22:19,MO09,EGF1T2TAL,EG,2.7
2022-07-07 22:30,NAO17,NAONSM43D8,NAO,2.5
2022-07-07 22:33,MO08,MOV86WZS3,MO,3.15
2022-07-07 22:43,EG33,NOE1V2ISQ,NO,2.0
2022-07-07 23:10,KO03,KONCXLL4Z,KO,2.95
2022-07-07 23:18,MO02,NAOHL1N13J,NAO,1.35
2022-07-07 23:27,GE01,NAOBMYOFQE,NAO,14.7
2022-07-07 23:37,NAO34,MOV86WZS3,MO,2.5
2022-07-08 00:04,OO04,OO3KKV9RF,OO,2.4
2022-07-08 00:10,EG02,NAONSM43D8,NAO,3.0
2022-07-08 00:20,NO05,EGVWPVS7H,EG,3.25
2022-07-08 00:30,NO14,NOX6GVWRD,NO,4.15
2022-07-08 00:33,NO09,EGRHOCN9J,EG,4.2
2022-07-08 00:40,NAO40,NAOHL1N13J,NAO,2.5
2022-07-08 00:43,NAO09,KOJDP0LVS,KO,2.5
2022-07-08 01:32,EG32,EGF1T2TAL,EG,1.4
2022-07-08 01:35,OO07,OOQ0OXFQ8,OO,1.9
2022-07-08 01:57,MO09,MOJCKJLTE,MO,2.7
2022-07-08 02:51,NAO13,NAOHL1N13J,NAO,2.5
2022-07-08 03:01,NAO21,NAOLY8OZCY,NAO,2.5
2022-07-08 04:36,NO07,NAO09SKDGI,NAO,3.55
2022-07-08 04:49,OO02,NAOP0J43D5,NAO,2.3
2022-07-08 05:09,MO09,MOJCKJLTE,MO,2.7
2022-07-08 06:14,NAO16,NAOBMYOFQE,NAO,2.5
2022-07-08 06:40,MO03,MOJCKJLTE,MO,2.1
2022-07-08 06:55,NO01,NOX6GVWRD,NO,3.85
2022-07-08 07:05,KO09,KOJDP0LVS,KO,2.05
2022-07-08 07:55,NAO21,NAOP0J43D5,NAO,2.5
2022-07-08 08:11,EG28,EGF1T2TAL,EG,1.4
2022-07-08 08:16,KO08,KOWM31YIH,KO,1.85
2022-07-08 08:34,OO10,OO1B0Z3NX,OO,2.5
2022-07-08 09:10,KO04,NAOURTP0LZ,NAO,2.95
2022-07-08 09:58,EG19,EGYTJXEPQ,EG,1.4
2022-07-08 10:29,NO06,NOX6GVWRD,NO,3.25
2022-07-08 11:19,OO06,OO1B0Z3NX,OO,3.5
2022-07-08 11:23,KO06,KONCXLL4Z,KO,1.9
2022-07-08 11:42,OO04,OOZSJ49IT,OO,2.4
2022-07-08 11:50,NAO24,NORCBPLJD,NO,2.5
2022-07-08 12:05,OO07,OO7PZE9VI,OO,1.9
2022-07-08 12:22,AM07,NAO5UQPGB7,NAO,2.8
2022-07-08 12:40,OO03,AMXAJI0Y6,AM,2.4
2022-07-08 12:46,EG12,EGSEIMVIH,EG,0.5
2022-07-08 13:05,NAO11,NAO5UQPGB7,NAO,2.5
2022-07-08 13:28,NAO40,NAOP0J43D5,NAO,2.5
2022-07-08 14:07,AM02,AMXAJI0Y6,AM,2.0
2022-07-08 14:32,KO09,EGC11ERTJ,EG,2.05
2022-07-08 14:35,NAO03,NAOLY8OZCY,NAO,2.5
2022-07-08 15:16,EG22,EGVWPVS7H,EG,1.6
2022-07-08 15:20,NAO22,NAOHL1N13J,NAO,2.5
2022-07-08 15:49,AM05,NAOURTP0LZ,NAO,3.6
2022-07-08 16:02,NAO33,NAOURTP0LZ,NAO,2.5
2022-07-08 16:22,NAO39,NAOURTP0LZ,NAO,2.5
2022-07-08 16:35,NO02,NOE1V2ISQ,NO,3.85
2022-07-08 16:59,EG20,NAOBMYOFQE,NAO,1.4
2022-07-08 17:04,EG14,EGC11ERTJ,EG,1.2
2022-07-08 17:26,EG32,EGF1T2TAL,EG,1.4
2022-07-08 17:32,KO09,EGC11ERTJ,EG,2.05
2022-07-08 18:00,OO07,OO3KKV9RF,OO,1.9
2022-07-08 18:55,OO06,OOQ0OXFQ8,OO,3.5
2022-07-08 19:07,NO11,NAOURTP0LZ,NAO,3.35
2022-07-08 20:04,NO11,NOQLL8OS9,NO,3.35
2022-07-08 20:39,NO01,EGRHOCN9J,EG,3.85
2022-07-08 20:53,NO07,EGF1T2TAL,EG,3.55
2022-07-08 21:38,EG19,NORCBPLJD,NO,1.4
2022-07-08 21:57,EG03,EGUT0CVS4,EG,1.2
2022-07-08 22:04,EG16,EGYTJXEPQ,EG,1.2
2022-07-08 22:06,EG17,EGIGQPKI7,EG,2.1
2022-07-08 22:36,EG21,NAOP0J43D5,NAO,1.6
2022-07-08 23:32,EG13,EGYTJXEPQ,EG,1.2
2022-07-08 23:51,GE02,GE5A0L725,GE,14.7
2022-07-09 00:13,NO06,EGVWPVS7H,EG,3.25
2022-07-09 00:36,NAO08,AMNT3W5UZ,AM,2.5
2022-07-09 01:49,AM08,OOZSJ49IT,OO,2.8
2022-07-09 01:51,EG24,EGYTJXEPQ,EG,1.4
2022-07-09 02:01,AM07,AMV3A3ZMF,AM,2.8
2022-07-09 02:04,MO11,EGC11ERTJ,EG,2.05
2022-07-09 02:23,EG23,NAOURTP0LZ,NAO,1.4
2022-07-09 03:27,AM04,EGYTJXEPQ,EG,2.2
2022-07-09 03:50,EG06,EGUT0CVS4,EG,1.7
2022-07-09 03:58,EG28,EGF1T2TAL,EG,1.4
2022-07-09 04:03,AM05,KONCXLL4Z,KO,3.6
2022-07-09 04:08,EG21,AMH9SDBDW,AM,1.6
2022-07-09 04:09,MO05,MOJCKJLTE,MO,2.6
2022-07-09 04:15,EG03,EG7UR23GD,EG,1.2
2022-07-09 05:11,EG05,EG7UR23GD,EG,1.7
2022-07-09 05:11,NAO10,AMV3A3ZMF,AM,2.5
2022-07-09 05:13,NAO31,NAO09SKDGI,NAO,2.5
2022-07-09 05:29,AM10,AMXAJI0Y6,AM,3.1
2022-07-09 05:47,EG21,NORCBPLJD,NO,1.6
2022-07-09 05:55,EG09,AMXAJI0Y6,AM,0.9
2022-07-09 05:59,NAO07,NAO09SKDGI,NAO,2.5
2022-07-09 06:18,NAO07,NAOP0J43D5,NAO,2.5
2022-07-09 06:24,EG20,EGSEIMVIH,EG,1.4
2022-07-09 06:39,OO07,OO7PZE9VI,OO,1.9
2022-07-09 06:48,MO01,NO7PTX63C,NO,1.35
2022-07-09 07:12,OO03,AMXAJI0Y6,AM,2.4
2022-07-09 07:35,NAO34,NAOURTP0LZ,NAO,2.5
2022-07-09 07:39,EG33,NOE1V2ISQ,NO,2.0
2022-07-09 07:55,OO02,OOQ0OXFQ8,OO,2.3
2022-07-09 08:32,NAO32,EG7UR23GD,EG,2.5
2022-07-09 09:08,EG26,AMHJ7XVG0,AM,1.8
2022-07-09 09:54,EG10,EGVWPVS7H,EG,0.9
2022-07-09 09:56,NO12,MOV86WZS3,MO,3.35
2022-07-09 10:05,OO07,OO3KKV9RF,OO,1.9
2022-07-09 11:22,AM05,AMXAJI0Y6,AM,3.6
2022-07-09 11:59,GE02,GEX7EEDTJ,GE,14.7
2022-07-09 12:02,OO08,OO3KKV9RF,OO,1.9
2022-07-09 12:16,KO03,KOIXA11DP,KO,2.95
2022-07-09 12:38,KO05,KOWM31YIH,KO,1.9
2022-07-09 13:04,NO09,NORCBPLJD,NO,4.2
2022-07-09 13:06,EG25,EGVWPVS7H,EG,1.8
2022-07-09 13:17,OO02,NOQLL8OS9,NO,2.3
2022-07-09 13:21,EG36,MOV86WZS3,MO,1.0
2022-07-09 13:48,NO06,EGRHOCN9J,EG,3.25
2022-07-09 14:01,EG09,EGYTJXEPQ,EG,0.9
2022-07-09 14:14,AM10,GEX7EEDTJ,GE,3.1
2022-07-09 14:15,NAO02,KOIXA11DP,KO,2.5
2022-07-09 14:21,NAO31,OO7PZE9VI,OO,2.5
2022-07-09 14:51,EG18,NAO5ZJA8DZ,NAO,2.1
2022-07-09 15:07,AM07,AMXAJI0Y6,AM,2.8
2022-07-09 15:18,NAO39,NAOURTP0LZ,NAO,2.5
2022-07-09 16:15,AM02,AMNT3W5UZ,AM,2.0
2022-07-09 16:51,AM05,AMHJ7XVG0,AM,3.6
2022-07-09 17:14,OO02,NAOLY8OZCY,NAO,2.3
2022-07-09 17:42,NO05,NOX6GVWRD,NO,3.25
2022-07-09 17:55,EG21,EGF1T2TAL,EG,1.6
2022-07-09 18:03,NO12,NOXFGCAQV,NO,3.35
2022-07-09 18:04,NAO18,NAOBMYOFQE,NAO,2.5
2022-07-09 18:54,NAO10,AMV3A3ZMF,AM,2.5
2022-07-09 19:13,AM10,AMXAJI0Y6,AM,3.1
2022-07-09 19:45,AM05,AMLJH75LX,AM,3.6
2022-07-09 20:06,EG24,EGF1T2TAL,EG,1.4
2022-07-09 20:55,EG34,AMLJH75LX,AM,2.0
2022-07-09 21:07,KO02,OOZSJ49IT,OO,3.4
2022-07-09 21:49,AM02,NOQLL8OS9,NO,2.0
2022-07-09 22:13,NAO03,KOJDP0LVS,KO,2.5
2022-07-09 22:15,EG20,EGSEIMVIH,EG,1.4
2022-07-09 22:55,EG12,EGRHOCN9J,EG,0.5
2022-07-09 22:57,MO03,OOZSJ49IT,OO,2.1
2022-07-09 23:06,NO13,NAO5ZJA8DZ,NAO,4.15
2022-07-09 23:21,AM02,AMH9SDBDW,AM,2.0
2022-07-10 00:05,EG30,EG9CHJ755,EG,1.5
2022-07-10 00:06,EG02,EGIGQPKI7,EG,3.0
2022-07-10 00:23,MO02,NAOHL1N13J,NAO,1.35
2022-07-10 00:33,NAO32,NAO5ZJA8DZ,NAO,2.5
2022-07-10 00:57,AM08,EG9CHJ755,EG,2.8
2022-07-10 01:01,NAO37,NAOHL1N13J,NAO,2.5
2022-07-10 01:01,NAO32,NAOHL1N13J,NAO,2.5
2022-07-10 01:10,GE02,OO3KKV9RF,OO,14.7
2022-07-10 01:11,MO08,KONCXLL4Z,KO,3.15
2022-07-10 01:11,EG06,KOWKTAKPU,KO,1.7
2022-07-10 01:47,NAO05,NAO5ZJA8DZ,NAO,2.5
2022-07-10 03:01,EG10,EGVWPVS7H,EG,0.9
2022-07-10 03:29,AM05,NAOURTP0LZ,NAO,3.6
2022-07-10 03:34,NAO23,NAONSM43D8,NAO,2.5
2022-07-10 04:03,KO08,KOJDP0LVS,KO,1.85
2022-07-10 04:39,AM05,AMH9SDBDW,AM,3.6
2022-07-10 04:40,OO10,OOQ0OXFQ8,OO,2.5
2022-07-10 04:57,NAO18,NAO5ZJA8DZ,NAO,2.5
2022-07-10 05:32,NAO38,NAO5ZJA8DZ,NAO,2.5
2022-07-10 05:41,NO01,OOQ0OXFQ8,OO,3.85
2022-07-10 06:02,NAO02,KOIXA11DP,KO,2.5
2022-07-10 07:10,AM01,AMNT3W5UZ,AM,2.0
2022-07-10 07:33,NO06,EGVWPVS7H,EG,3.25
2022-07-10 08:06,NO07,NOE1V2ISQ,NO,3.55
2022-07-10 08:11,MO04,MOJCKJLTE,MO,2.1
2022-07-10 08:19,KO09,KOJDP0LVS,KO,2.05
2022-07-10 08:41,EG34,EGUT0CVS4,EG,2.0
2022-07-10 08:45,OO06,OO1B0Z3NX,OO,3.5
2022-07-10 08:51,OO07,OOQ0OXFQ8,OO,1.9
2022-07-10 09:07,AM06,AMH9SDBDW,AM,3.6
2022-07-10 09:08,NAO15,KOWKTAKPU,KO,2.5
2022-07-10 09:11,KO02,NAOLY8OZCY,NAO,3.4
2022-07-10 09:24,AM04,AMH9SDBDW,AM,2.2
2022-07-10 09:44,AM08,AMXAJI0Y6,AM,2.8
2022-07-10 09:52,KO10,OO1B0Z3NX,OO,2.05
2022-07-10 09:56,AM06,NOXFGCAQV,NO,3.6
2022-07-10 10:50,EG10,EGYTJXEPQ,EG,0.9
2022-07-10 11:21,EG30,EG7UR23GD,EG,1.5
2022-07-10 11:38,KO07,KOWKTAKPU,KO,1.85
2022-07-10 12:02,NAO18,EGF1T2TAL,EG,2.5
2022-07-10 12:25,KO07,KOIXA11DP,KO,1.85
2022-07-10 12:45,EG38,AMLJH75LX,AM,1.4
2022-07-10 12:57,KO07,KOJDP0LVS,KO,1.85
2022-07-10 13:13,EG18,EGIGQPKI7,EG,2.1
2022-07-10 13:23,AM07,OO1B0Z3NX,OO,2.8
2022-07-10 13:23,AM07,AMLJH75LX,AM,2.8
2022-07-10 13:24,AM05,AMH9SDBDW,AM,3.6
2022-07-10 13:37,AM10,AMXAJI0Y6,AM,3.1
2022-07-10 14:14,AM10,AMV3A3ZMF,AM,3.1
2022-07-10 14:42,EG06,EGVWPVS7H,EG,1.7
2022-07-10 14:59,EG23,EG7UR23GD,EG,1.4
2022-07-10 15:51,GE02,AMNT3W5UZ,AM,14.7
2022-07-10 16:49,NAO01,NAOBMYOFQE,NAO,2.5
2022-07-10 17:00,KO07,NAOURTP0LZ,NAO,1.85
2022-07-10 17:06,OO02,OO3KKV9RF,OO,2.3
2022-07-10 17:10,NO06,NO7PTX63C,NO,3.25
2022-07-10 17:10,AM06,AMXAJI0Y6,AM,3.6
2022-07-10 17:28,AM02,AMH9SDBDW,AM,2.0
2022-07-10 17:32,OO10,OOQ0OXFQ8,OO,2.5
2022-07-10 17:39,NAO07,NAOBMYOFQE,NAO,2.5
2022-07-10 17:40,KO03,KOIXA11DP,KO,2.95
2022-07-10 17:50,OO04,OO3KKV9RF,OO,2.4
2022-07-10 17:53,EG19,EGIGQPKI7,EG,1.4
2022-07-10 17:59,EG24,EGF1T2TAL,EG,1.4
2022-07-10 18:08,AM01,AMHJ7XVG0,AM,2.0
2022-07-10 18:19,AM08,AMXAJI0Y6,AM,2.8
2022-07-10 18:31,AM04,EGYTJXEPQ,EG,2.2
2022-07-10 18:42,NO10,KOWKTAKPU,KO,4.2
2022-07-10 18:45,OO04,OOZSJ49IT,OO,2.4
2022-07-10 18:48,NAO12,NAO09SKDGI,NAO,2.5
2022-07-10 18:51,GE02,OO3KKV9RF,OO,14.7
2022-07-10 19:06,AM09,KOWM31YIH,KO,3.1
2022-07-10 19:13,OO03,KOWM31YIH,KO,2.4
2022-07-10 19:57,AM01,NAO5UQPGB7,NAO,2.0
2022-07-10 20:03,NAO20,NAO5UQPGB7,NAO,2.5
2022-07-10 20:16,NAO41,NAOP0J43D5,NAO,2.5
2022-07-10 20:42,KO06,EGC11ERTJ,EG,1.9
2022-07-10 20:47,KO02,EGIGQPKI7,EG,3.4
2022-07-10 20:56,EG21,EG9CHJ755,EG,1.6
2022-07-10 21:06,NAO40,NAOHL1N13J,NAO,2.5
2022-07-10 22:00,OO03,OO1B0Z3NX,OO,2.4
2022-07-10 22:07,NO14,NO7PTX63C,NO,4.15
2022-07-10 22:38,MO09,EGF1T2TAL,EG,2.7
2022-07-10 22:45,EG22,NAOBMYOFQE,NAO,1.6
2022-07-10 22:47,EG37,EGSEIMVIH,EG,1.4
2022-07-10 22:48,EG19,EGYTJXEPQ,EG,1.4
2022-07-10 22:50,OO05,EG9CHJ755,EG,3.5
2022-07-10 23:08,NAO40,NAOP0J43D5,NAO,2.5
2022-07-10 23:45,NO01,NORCBPLJD,NO,3.85
2022-07-11 00:04,NAO06,OO7PZE9VI,OO,2.5
2022-07-11 00:18,GE02,GE5A0L725,GE,14.7
2022-07-11 00:41,EG01,NAO5UQPGB7,NAO,3.0
2022-07-11 00:59,NAO35,NAOBMYOFQE,NAO,2.5
2022-07-11 01:08,NAO12,NAOURTP0LZ,NAO,2.5
2022-07-11 01:27,AM10,AMNT3W5UZ,AM,3.1
2022-07-11 01:30,NAO24,NAOHL1N13J,NAO,2.5
2022-07-11 01:47,NAO10,NAOLY8OZCY,NAO,2.5
2022-07-11 02:07,KO02,KOIXA11DP,KO,3.4
2022-07-11 02:19,NAO40,NAONSM43D8,NAO,2.5
2022-07-11 02:37,NO06,NOX6GVWRD,NO,3.25
2022-07-11 02:42,OO02,OO3KKV9RF,OO,2.3
2022-07-11 02:42,NAO30,NAO5ZJA8DZ,NAO,2.5
2022-07-11 03:00,NAO07,NAO09SKDGI,NAO,2.5
2022-07-11 03:14,KO06,NORCBPLJD,NO,1.9
2022-07-11 03:26,OO10,OOZSJ49IT,OO,2.5
2022-07-11 03:36,OO09,KOWM31YIH,KO,2.5
2022-07-11 03:38,NO11,NAOURTP0LZ,NAO,3.35
2022-07-11 03:41,NO12,AMXAJI0Y6,AM,3.35
2022-07-11 03:59,EG17,EGIGQPKI7,EG,2.1
2022-07-11 04:30,OO07,OO3KKV9RF,OO,1.9
2022-07-11 05:21,OO08,OO1B0Z3NX,OO,1.9
2022-07-11 05:24,EG24,EGSEIMVIH,EG,1.4
2022-07-11 05:38,OO07,OO3KKV9RF,OO,1.9
2022-07-11 05:39,EG24,EGSEIMVIH,EG,1.4
2022-07-11 05:53,EG32,EGC11ERTJ,EG,1.4
2022-07-11 05:55,NO11,NOXFGCAQV,NO,3.35
2022-07-11 05:59,KO07,EGC11ERTJ,EG,1.85
2022-07-11 06:04,NAO21,NAO5ZJA8DZ,NAO,2.5
2022-07-11 06:55,GE01,GEJA1WJ0T,GE,14.7
2022-07-11 06:58,NO12,NOX6GVWRD,NO,3.35
2022-07-11 07:06,NAO22,NAOVZ41NAM,NAO,2.5
2022-07-11 07:18,EG20,NAOBMYOFQE,NAO,1.4
2022-07-11 07:36,MO03,MOJCKJLTE,MO,2.1
2022-07-11 07:45,KO01,KONCXLL4Z,KO,3.4
2022-07-11 07:51,NAO40,NAOP0J43D5,NAO,2.5
2022-07-11 07:52,NAO39,NAOURTP0LZ,NAO,2.5
2022-07-11 08:13,EG20,NAOBMYOFQE,NAO,1.4
2022-07-11 08:51,GE02,AMNT3W5UZ,AM,14.7
2022-07-11 09:07,NAO18,NOXFGCAQV,NO,2.5
2022-07-11 09:17,NAO22,NAOLY8OZCY,NAO,2.5
2022-07-11 09:26,KO09,KOWM31YIH,KO,2.05
2022-07-11 09:27,EG27,EGYTJXEPQ,EG,1.4
2022-07-11 09:30,EG19,EGYTJXEPQ,EG,1.4
2022-07-11 09:40,OO02,NOQLL8OS9,NO,2.3
2022-07-11 09:49,NAO09,EGRHOCN9J,EG,2.5
2022-07-11 10:10,EG09,EGSEIMVIH,EG,0.9
2022-07-11 10:17,NAO01,NAOLY8OZCY,NAO,2.5
2022-07-11 10:21,NAO14,EG7UR23GD,EG,2.5
2022-07-11 10:23,OO10,OOZSJ49IT,OO,2.5
2022-07-11 11:26,EG19,EGVWPVS7H,EG,1.4
2022-07-11 11:48,NAO29,EGC11ERTJ,EG,2.5
2022-07-11 12:10,EG31,EGYTJXEPQ,EG,1.4
2022-07-11 12:28,NAO06,NOQLL8OS9,NO,2.5
2022-07-11 12:52,EG32,EGC11ERTJ,EG,1.4
2022-07-11 13:36,KO03,NAOBMYOFQE,NAO,2.95
2022-07-11 13:48,OO06,OO3KKV9RF,OO,3.5
2022-07-11 13:54,NAO07,NAOP0J43D5,NAO,2.5
2022-07-11 14:12,NO05,NOX6GVWRD,NO,3.25
2022-07-11 14:25,KO05,KOWKTAKPU,KO,1.9
2022-07-11 14:31,AM06,AMXAJI0Y6,AM,3.6
2022-07-11 14:39,NAO26,NO7PTX63C,NO,2.5
2022-07-11 15:07,NAO05,EGUT0CVS4,EG,2.5
2022-07-11 15:09,AM10,AMHJ7XVG0,AM,3.1
2022-07-11 15:09,NO04,EGVWPVS7H,EG,3.25
2022-07-11 15:24,NAO05,NAOP0J43D5,NAO,2.5
2022-07-11 15:25,NAO26,NAOHAFEYUH,NAO,2.5
2022-07-11 15:27,KO07,AMXAJI0Y6,AM,1.85
2022-07-11 15:36,KO09,NOXFGCAQV,NO,2.05
2022-07-11 16:00,OO08,OOQ0OXFQ8,OO,1.9
2022-07-11 16:01,EG19,KONCXLL4Z,KO,1.4
2022-07-11 16:06,MO09,AMV3A3ZMF,AM,2.7
2022-07-11 16:19,EG03,NAO09SKDGI,NAO,1.2
2022-07-11 17:04,EG10,EGYTJXEPQ,EG,0.9
2022-07-11 17:23,NAO18,EGF1T2TAL,EG,2.5
2022-07-11 17:29,NAO32,NAO09SKDGI,NAO,2.5
2022-07-11 17:37,NO11,NOE1V2ISQ,NO,3.35
2022-07-11 18:11,AM09,KOWM31YIH,KO,3.1
2022-07-11 18:27,NO02,NOXFGCAQV,NO,3.85
2022-07-11 20:04,EG33,NOE1V2ISQ,NO,2.0
2022-07-11 20:22,NAO23,NAOHL1N13J,NAO,2.5
2022-07-11 20:35,NO09,NAOBMYOFQE,NAO,4.2
2022-07-11 20:35,EG33,AMHJ7XVG0,AM,2.0
2022-07-11 21:58,NAO18,NAO5ZJA8DZ,NAO,2.5
2022-07-11 22:24,NO02,NOX6GVWRD,NO,3.85
2022-07-11 22:28,EG09,EGSEIMVIH,EG,0.9
2022-07-11 23:01,EG10,EGF1T2TAL,EG,0.9
2022-07-11 23:22,AM01,AMNT3W5UZ,AM,2.0
2022-07-12 00:19,NO04,EGVWPVS7H,EG,3.25
2022-07-12 00:49,KO10,KONCXLL4Z,KO,2.05
2022-07-12 01:03,NO10,OOQ0OXFQ8,OO,4.2
2022-07-12 01:11,NAO22,NAOVZ41NAM,NAO,2.5
2022-07-12 01:31,AM04,AMLJH75LX,AM,2.2
2022-07-12 01:48,OO06,EGYTJXEPQ,EG,3.5
2022-07-12 02:02,AM08,AMHJ7XVG0,AM,2.8
2022-07-12 02:07,OO10,OOQ0OXFQ8,OO,2.5
2022-07-12 02:11,OO03,OO7PZE9VI,OO,2.4
2022-07-12 02:34,NAO34,NOXFGCAQV,NO,2.5
2022-07-12 02:39,NO05,NOQLL8OS9,NO,3.25
2022-07-12 03:16,KO09,KOJDP0LVS,KO,2.05
2022-07-12 03:23,EG31,EGYTJXEPQ,EG,1.4
2022-07-12 03:39,OO07,OO3KKV9RF,OO,1.9
2022-07-12 03:43,GE01,GEJA1WJ0T,GE,14.7
2022-07-12 04:04,AM08,EG9CHJ755,EG,2.8
2022-07-12 04:17,EG17,KOWM31YIH,KO,2.1
2022-07-12 04:18,NO08,NORCBPLJD,NO,3.55
2022-07-12 04:20,NAO16,NAOBMYOFQE,NAO,2.5
2022-07-12 04:30,AM06,AMXAJI0Y6,AM,3.6
2022-07-12 04:35,EG05,EGYTJXEPQ,EG,1.7
2022-07-12 05:18,NAO33,NAOURTP0LZ,NAO,2.5
2022-07-12 06:31,AM06,EG7UR23GD,EG,3.6
2022-07-12 06:34,NAO38,NAONSM43D8,NAO,2.5
2022-07-12 06:47,OO01,OOZSJ49IT,OO,2.3
2022-07-12 06:59,NAO01,NAOP0J43D5,NAO,2.5
2022-07-12 06:59,OO10,OOQ0OXFQ8,OO,2.5
2022-07-12 07:11,NAO11,NAO09SKDGI,NAO,2.5
2022-07-12 08:17,EG28,EGF1T2TAL,EG,1.4
2022-07-12 08:19,NAO09,KOJDP0LVS,KO,2.5
2022-07-12 09:10,MO05,NAOLY8OZCY,NAO,2.6
2022-07-12 09:19,NAO38,NAO5ZJA8DZ,NAO,2.5
2022-07-12 10:06,KO03,KOWM31YIH,KO,2.95
2022-07-12 10:14,EG09,EGSEIMVIH,EG,0.9
2022-07-12 10:27,KO06,EGC11ERTJ,EG,1.9
2022-07-12 10:37,KO02,EGYTJXEPQ,EG,3.4
2022-07-12 10:50,AM01,AMLJH75LX,AM,2.0
2022-07-12 10:56,KO04,KOIXA11DP,KO,2.95
2022-07-12 11:49,NAO39,NAOP0J43D5,NAO,2.5
2022-07-12 12:52,AM10,GEX7EEDTJ,GE,3.1
2022-07-12 12:54,NAO38,NAONSM43D8,NAO,2.5
2022-07-12 12:55,NAO14,NAO5ZJA8DZ,NAO,2.5
2022-07-12 13:59,AM06,EG7UR23GD,EG,3.6
2022-07-12 14:29,EG22,NAO5UQPGB7,NAO,1.6
2022-07-12 14:52,AM04,AMH9SDBDW,AM,2.2
2022-07-12 14:53,OO08,MOJCKJLTE,MO,1.9
2022-07-12 14:59,OO04,OO7PZE9VI,OO,2.4
2022-07-12 15:20,EG05,EGIGQPKI7,EG,1.7
2022-07-12 15:20,EG03,EGUT0CVS4,EG,1.2
2022-07-12 15:21,AM03,AMH9SDBDW,AM,2.2
2022-07-12 15:38,KO05,EGC11ERTJ,EG,1.9
2022-07-12 16:22,OO06,KOIXA11DP,KO,3.5
2022-07-12 17:28,AM04,AMNT3W5UZ,AM,2.2
2022-07-12 17:43,NO12,NOXFGCAQV,NO,3.35
2022-07-12 18:21,NAO30,EGVWPVS7H,EG,2.5
2022-07-12 18:27,OO07,OOQ0OXFQ8,OO,1.9
2022-07-12 18:33,NAO30,NAO5ZJA8DZ,NAO,2.5
2022-07-12 19:25,OO06,EGC11ERTJ,EG,3.5
2022-07-12 19:52,NAO40,NAO5ZJA8DZ,NAO,2.5
2022-07-12 20:01,OO06,OO7PZE9VI,OO,3.5
2022-07-12 20:03,NAO23,NAOLY8OZCY,NAO,2.5
2022-07-12 21:23,OO03,OOZSJ49IT,OO,2.4
2022-07-12 21:29,AM05,AMV3A3ZMF,AM,3.6
2022-07-12 21:45,KO05,KOWM31YIH,KO,1.9
2022-07-12 21:45,AM01,EGRHOCN9J,EG,2.0
2022-07-12 21:56,KO02,KOIXA11DP,KO,3.4
2022-07-12 21:58,GE02,GEJA1WJ0T,GE,14.7
2022-07-12 22:01,NAO41,NAO09SKDGI,NAO,2.5
2022-07-12 22:17,NO06,NOE1V2ISQ,NO,3.25
2022-07-12 22:27,OO10,OO1B0Z3NX,OO,2.5
2022-07-12 22:56,NAO12,NAO09SKDGI,NAO,2.5
2022-07-12 23:17,OO08,OO1B0Z3NX,OO,1.9
2022-07-12 23:17,KO10,KOWKTAKPU,KO,2.05
2022-07-12 23:20,NAO03,EGF1T2TAL,EG,2.5
2022-07-12 23:59,NAO24,NORCBPLJD,NO,2.5
2022-07-13 00:36,OO09,OO1B0Z3NX,OO,2.5
2022-07-13 02:07,MO04,MOJCKJLTE,MO,2.1
2022-07-13 02:09,NO04,NOX6GVWRD,NO,3.25
2022-07-13 02:32,NO02,NOXFGCAQV,NO,3.85
2022-07-13 02:42,NAO04,OOQ0OXFQ8,OO,2.5
2022-07-13 02:45,OO10,OOQ0OXFQ8,OO,2.5
2022-07-13 02:58,AM04,AMH9SDBDW,AM,2.2
2022-07-13 03:13,OO10,OOQ0OXFQ8,OO,2.5
2022-07-13 03:38,NAO07,AMV3A3ZMF,AM,2.5
2022-07-13 03:44,EG19,EGYTJXEPQ,EG,1.4
2022-07-13 04:30,AM10,AMXAJI0Y6,AM,3.1
2022-07-13 05:12,NO07,NOE1V2ISQ,NO,3.55
2022-07-13 05:49,AM08,AMXAJI0Y6,AM,2.8
2022-07-13 05:54,NAO09,KOJDP0LVS,KO,2.5
2022-07-13 06:25,NO09,NOE1V2ISQ,NO,4.2
2022-07-13 06:52,NO03,NOXFGCAQV,NO,3.25
2022-07-13 07:01,AM03,AMNT3W5UZ,AM,2.2
2022-07-13 07:42,NO05,KOWKTAKPU,KO,3.25
2022-07-13 08:31,OO05,OOZSJ49IT,OO,3.5
2022-07-13 09:14,NO14,NOXFGCAQV,NO,4.15
2022-07-13 10:13,NO05,KOWKTAKPU,KO,3.25
2022-07-13 10:16,NO05,NORCBPLJD,NO,3.25
2022-07-13 10:23,KO09,KOWM31YIH,KO,2.05
2022-07-13 10:40,EG33,EGVWPVS7H,EG,2.0
2022-07-13 10:54,NAO29,NAONSM43D8,NAO,2.5
2022-07-13 11:17,NO04,NOX6GVWRD,NO,3.25
2022-07-13 11:39,NAO04,KOIXA11DP,KO,2.5
2022-07-13 11:44,EG20,NAOBMYOFQE,NAO,1.4
2022-07-13 12:04,EG09,AMXAJI0Y6,AM,0.9
2022-07-13 12:20,KO07,KOIXA11DP,KO,1.85
2022-07-13 12:21,NO11,NOXFGCAQV,NO,3.35
2022-07-13 12:31,NO01,NOE1V2ISQ,NO,3.85
2022-07-13 12:47,EG36,EGF1T2TAL,EG,1.0
2022-07-13 13:12,NO03,NORCBPLJD,NO,3.25
2022-07-13 13:20,EG31,NOE1V2ISQ,NO,1.4
2022-07-13 14:11,NO14,EG9CHJ755,EG,4.15
2022-07-13 14:16,KO03,KOIXA11DP,KO,2.95
2022-07-13 14:22,MO11,NO7PTX63C,NO,2.05
2022-07-13 14:27,KO05,KOJDP0LVS,KO,1.9
2022-07-13 14:58,EG12,EGRHOCN9J,EG,0.5
2022-07-13 15:00,NO03,NOE1V2ISQ,NO,3.25
2022-07-13 15:02,NO05,NAOURTP0LZ,NAO,3.25
2022-07-13 15:54,NO06,NOX6GVWRD,NO,3.25
2022-07-13 16:37,OO06,OO1B0Z3NX,OO,3.5
2022-07-13 16:58,NAO25,NAO5ZJA8DZ,NAO,2.5
2022-07-13 17:24,EG31,EGYTJXEPQ,EG,1.4
2022-07-13 18:24,NO04,NOQLL8OS9,NO,3.25
2022-07-13 18:26,AM07,AMLJH75LX,AM,2.8
2022-07-13 20:23,NAO06,NAOLY8OZCY,NAO,2.5
2022-07-13 20:43,OO10,OO1B0Z3NX,OO,2.5
2022-07-13 20:48,OO07,OO7PZE9VI,OO,1.9
2022-07-13 21:00,EG28,EGSEIMVIH,EG,1.4
2022-07-13 21:01,AM06,AMLJH75LX,AM,3.6
2022-07-13 21:25,NAO39,NAOURTP0LZ,NAO,2.5
2022-07-13 21:37,EG37,EGVWPVS7H,EG,1.4
2022-07-13 21:48,EG21,AMXAJI0Y6,AM,1.6
2022-07-13 22:03,AM10,AMHJ7XVG0,AM,3.1
2022-07-13 22:38,MO05,MOJCKJLTE,MO,2.6
2022-07-13 23:04,NAO05,NAO5ZJA8DZ,NAO,2.5
2022-07-13 23:20,OO07,NAOLY8OZCY,NAO,1.9
2022-07-13 23:32,NAO04,NAO5UQPGB7,NAO,2.5
2022-07-13 23:49,EG09,EGIGQPKI7,EG,0.9
2022-07-13 23:52,OO07,NAONSM43D8,NAO,1.9
2022-07-14 00:17,EG26,EGYTJXEPQ,EG,1.8
2022-07-14 00:26,KO10,KOJDP0LVS,KO,2.05
2022-07-14 00:45,NAO20,NAO5UQPGB7,NAO,2.5
2022-07-14 01:08,OO03,OOZSJ49IT,OO,2.4
2022-07-14 01:52,EG29,EGUT0CVS4,EG,1.5
2022-07-14 01:52,NAO14,NAO5ZJA8DZ,NAO,2.5
2022-07-14 01:57,NAO41,NAO09SKDGI,NAO,2.5
2022-07-14 02:11,NAO20,NAO5UQPGB7,NAO,2.5
2022-07-14 02:33,EG36,EGF1T2TAL,EG,1.0
2022-07-14 02:45,NAO33,NAOP0J43D5,NAO,2.5
2022-07-14 03:28,NO12,NOXFGCAQV,NO,3.35
2022-07-14 03:35,OO06,NO7PTX63C,NO,3.5
2022-07-14 03:48,EG27,EGYTJXEPQ,EG,1.4
2022-07-14 04:33,KO07,KOJDP0LVS,KO,1.85
2022-07-14 04:35,AM01,AMLJH75LX,AM,2.0
2022-07-14 04:37,NAO23,NAOHL1N13J,NAO,2.5
2022-07-14 04:59,OO10,OOQ0OXFQ8,OO,2.5
2022-07-14 05:35,KO09,KOWM31YIH,KO,2.05
2022-07-14 06:24,NAO30,NAOP0J43D5,NAO,2.5
2022-07-14 06:34,NO09,NAOBMYOFQE,NAO,4.2
2022-07-14 06:45,AM03,AMLJH75LX,AM,2.2
2022-07-14 07:32,KO08,KOWM31YIH,KO,1.85
2022-07-14 07:41,EG06,OOQ0OXFQ8,OO,1.7
2022-07-14 07:45,EG19,EG9CHJ755,EG,1.4
2022-07-14 07:47,OO04,OOZSJ49IT,OO,2.4
2022-07-14 07:47,NO05,EGVWPVS7H,EG,3.25
2022-07-14 08:31,NAO26,EGSEIMVIH,EG,2.5
2022-07-14 08:48,NAO03,NAOLY8OZCY,NAO,2.5
2022-07-14 11:05,OO08,OOQ0OXFQ8,OO,1.9
2022-07-14 11:05,KO01,NOXFGCAQV,NO,3.4
2022-07-14 11:06,OO08,EGIGQPKI7,EG,1.9
2022-07-14 12:02,NAO01,NAONSM43D8,NAO,2.5
2022-07-14 12:11,EG09,EGSEIMVIH,EG,0.9
2022-07-14 12:21,KO10,NO7PTX63C,NO,2.05
2022-07-14 12:28,KO02,AMHJ7XVG0,AM,3.4
2022-07-14 12:34,NAO36,EGVWPVS7H,EG,2.5
2022-07-14 12:48,NAO10,NAOHAFEYUH,NAO,2.5
2022-07-14 13:08,EG29,EGSEIMVIH,EG,1.5
2022-07-14 13:42,NAO04,NAOP0J43D5,NAO,2.5
2022-07-14 14:33,NO14,EG9CHJ755,EG,4.15
2022-07-14 14:41,NAO23,EG9CHJ755,EG,2.5
2022-07-14 14:52,NAO06,NAOLY8OZCY,NAO,2.5
2022-07-14 16:31,OO04,NAOVZ41NAM,NAO,2.4
2022-07-14 16:35,MO10,MOV86WZS3,MO,2.7
2022-07-14 16:55,AM04,NAOHL1N13J,NAO,2.2
2022-07-14 17:36,AM05,AMV3A3ZMF,AM,3.6
2022-07-14 18:11,NAO01,NAOLY8OZCY,NAO,2.5
2022-07-14 18:14,OO03,OO1B0Z3NX,OO,2.4
2022-07-14 18:22,EG10,EGIGQPKI7,EG,0.9
2022-07-14 18:22,AM04,AMV3A3ZMF,AM,2.2
2022-07-14 18:29,KO10,KONCXLL4Z,KO,2.05
2022-07-14 18:35,EG10,EGVWPVS7H,EG,0.9
2022-07-14 18:54,AM01,AMH9SDBDW,AM,2.0
2022-07-14 19:18,MO08,MOV86WZS3,MO,3.15
2022-07-14 19:18,EG26,EG7UR23GD,EG,1.8
2022-07-14 19:24,EG16,EGIGQPKI7,EG,1.2
2022-07-14 20:43,NO01,NOXFGCAQV,NO,3.85
2022-07-14 21:10,NO03,NOXFGCAQV,NO,3.25
2022-07-14 21:15,EG16,EGYTJXEPQ,EG,1.2
2022-07-14 21:16,NAO35,NAO09SKDGI,NAO,2.5
2022-07-14 21:25,MO05,MOJCKJLTE,MO,2.6
2022-07-14 22:05,AM06,EGVWPVS7H,EG,3.6
2022-07-14 22:51,AM05,AMV3A3ZMF,AM,3.6
2022-07-14 23:15,NAO21,NAOHL1N13J,NAO,2.5
2022-07-14 23:24,KO02,EGYTJXEPQ,EG,3.4
2022-07-14 23:48,NO14,NOX6GVWRD,NO,4.15
2022-07-14 23:57,EG06,NO7PTX63C,NO,1.7
2022-07-15 00:01,EG38,GEL6246HI,GE,1.4
2022-07-15 00:19,NAO29,OO3KKV9RF,OO,2.5
2022-07-15 00:23,EG28,NAOBMYOFQE,NAO,1.4
2022-07-15 00:32,EG19,EGYTJXEPQ,EG,1.4
2022-07-15 00:33,NO11,NOXFGCAQV,NO,3.35
2022-07-15 00:36,NAO37,NAOBMYOFQE,NAO,2.5
2022-07-15 00:43,OO05,OO3KKV9RF,OO,3.5
2022-07-15 01:09,MO10,MOJCKJLTE,MO,2.7
2022-07-15 01:13,NO06,NO7PTX63C,NO,3.25
2022-07-15 01:19,AM02,AMHJ7XVG0,AM,2.0
2022-07-15 01:37,NO04,NOX6GVWRD,NO,3.25
2022-07-15 01:59,AM08,AMNT3W5UZ,AM,2.8
2022-07-15 02:18,MO08,MOV86WZS3,MO,3.15
2022-07-15 02:34,EG34,EGVWPVS7H,EG,2.0
2022-07-15 02:40,KO04,KONCXLL4Z,KO,2.95
2022-07-15 03:36,EG28,EGIGQPKI7,EG,1.4
2022-07-15 03:56,NO01,NOX6GVWRD,NO,3.85
2022-07-15 04:18,EG29,EGSEIMVIH,EG,1.5
2022-07-15 04:29,NO13,NAO5ZJA8DZ,NAO,4.15
2022-07-15 04:35,KO09,KONCXLL4Z,KO,2.05
2022-07-15 04:39,MO03,MOJCKJLTE,MO,2.1
2022-07-15 05:45,AM03,EGSEIMVIH,EG,2.2
2022-07-15 05:55,OO02,OOQ0OXFQ8,OO,2.3
2022-07-15 06:28,NO09,NORCBPLJD,NO,4.2
2022-07-15 06:51,EG32,EGC11ERTJ,EG,1.4
2022-07-15 07:23,NAO34,MOV86WZS3,MO,2.5
2022-07-15 08:09,AM08,AMNT3W5UZ,AM,2.8
2022-07-15 08:10,NAO36,AMLJH75LX,AM,2.5
2022-07-15 08:26,AM07,AMV3A3ZMF,AM,2.8
2022-07-15 08:38,NO04,NO7PTX63C,NO,3.25
2022-07-15 09:10,NAO05,EGUT0CVS4,EG,2.5
2022-07-15 09:14,EG23,EG7UR23GD,EG,1.4
2022-07-15 09:26,NO12,NOQLL8OS9,NO,3.35
2022-07-15 09:30,NAO01,NAOURTP0LZ,NAO,2.5
2022-07-15 09:31,EG32,NAO5ZJA8DZ,NAO,1.4
2022-07-15 10:08,EG29,EGSEIMVIH,EG,1.5
2022-07-15 11:02,NO11,NOXFGCAQV,NO,3.35
2022-07-15 11:04,NO10,NOQLL8OS9,NO,4.2
2022-07-15 11:08,KO07,KOJDP0LVS,KO,1.85
2022-07-15 12:13,EG13,EGUT0CVS4,EG,1.2
2022-07-15 12:38,KO05,KOJDP0LVS,KO,1.9
2022-07-15 13:11,AM03,AMNT3W5UZ,AM,2.2
2022-07-15 13:13,EG31,EGYTJXEPQ,EG,1.4
2022-07-15 13:14,EG01,NORCBPLJD,NO,3.0
2022-07-15 13:29,NO05,EGYTJXEPQ,EG,3.25
2022-07-15 14:13,MO05,NAOP0J43D5,NAO,2.6
2022-07-15 14:47,OO06,EG9CHJ755,EG,3.5
2022-07-15 15:06,OO04,OO7PZE9VI,OO,2.4
2022-07-15 15:12,AM02,AMHJ7XVG0,AM,2.0
2022-07-15 15:12,KO03,KOWM31YIH,KO,2.95
2022-07-15 15:26,NO14,NO7PTX63C,NO,4.15
2022-07-15 16:29,EG30,EG9CHJ755,EG,1.5
2022-07-15 17:31,NAO01,NAOURTP0LZ,NAO,2.5
2022-07-15 17:43,NO07,OOQ0OXFQ8,OO,3.55
2022-07-15 17:48,EG05,EGIGQPKI7,EG,1.7
2022-07-15 17:58,EG05,EGYTJXEPQ,EG,1.7
2022-07-15 18:01,NAO07,NAOVZ41NAM,NAO,2.5
2022-07-15 18:16,NO01,AMNT3W5UZ,AM,3.85
2022-07-15 18:19,NO10,NO7PTX63C,NO,4.2
2022-07-15 18:41,NO05,AMNT3W5UZ,AM,3.25
2022-07-15 18:47,KO08,KOJDP0LVS,KO,1.85
2022-07-15 20:16,AM05,KONCXLL4Z,KO,3.6
2022-07-15 20:17,EG35,NAOP0J43D5,NAO,1.0
2022-07-15 21:06,NAO39,NAOLY8OZCY,NAO,2.5
2022-07-15 21:18,EG05,EGC11ERTJ,EG,1.7
2022-07-15 21:23,AM06,AMH9SDBDW,AM,3.6
2022-07-15 21:29,KO01,KONCXLL4Z,KO,3.4
2022-07-15 21:37,EG19,NAOBMYOFQE,NAO,1.4
2022-07-15 21:45,EG26,AMHJ7XVG0,AM,1.8
2022-07-15 22:11,NAO39,AMNT3W5UZ,AM,2.5
2022-07-15 22:22,NO01,NORCBPLJD,NO,3.85
2022-07-15 23:09,NO05,NOX6GVWRD,NO,3.25
2022-07-15 23:37,AM06,EG7UR23GD,EG,3.6
2022-07-15 23:39,NO05,NO7PTX63C,NO,3.25
2022-07-16 00:06,OO08,EGIGQPKI7,EG,1.9
2022-07-16 00:33,OO08,OO3KKV9RF,OO,1.9
2022-07-16 01:08,NO10,NOXFGCAQV,NO,4.2
2022-07-16 01:24,EG02,NAONSM43D8,NAO,3.0
2022-07-16 01:36,EG18,KOIXA11DP,KO,2.1
2022-07-16 01:46,MO03,MOJCKJLTE,MO,2.1
2022-07-16 01:48,OO10,OOQ0OXFQ8,OO,2.5
2022-07-16 03:01,EG10,NAO09SKDGI,NAO,0.9
2022-07-16 03:51,NAO26,OO3KKV9RF,OO,2.5
2022-07-16 04:05,NO06,GE5A0L725,GE,3.25
2022-07-16 04:22,NAO29,OOZSJ49IT,OO,2.5
2022-07-16 04:45,EG33,EGF1T2TAL,EG,2.0
2022-07-16 04:52,OO01,OO1B0Z3NX,OO,2.3
2022-07-16 04:53,AM04,AMLJH75LX,AM,2.2
2022-07-16 05:31,NAO08,NAOVZ41NAM,NAO,2.5
2022-07-16 05:42,NAO32,NAOHAFEYUH,NAO,2.5
2022-07-16 06:10,NO05,NO7PTX63C,NO,3.25
2022-07-16 06:44,KO04,KOIXA11DP,KO,2.95
2022-07-16 07:18,EG06,EGUT0CVS4,EG,1.7
2022-07-16 08:21,NAO20,NAO5UQPGB7,NAO,2.5
2022-07-16 08:52,NO04,NOX6GVWRD,NO,3.25
2022-07-16 09:06,EG07,EGVWPVS7H,EG,1.8
2022-07-16 09:09,NO10,NOQLL8OS9,NO,4.2
2022-07-16 09:24,NO05,AMNT3W5UZ,AM,3.25
2022-07-16 09:53,AM06,AMLJH75LX,AM,3.6
2022-07-16 10:57,AM07,AMLJH75LX,AM,2.8
2022-07-16 11:34,NAO40,NAOHL1N13J,NAO,2.5
2022-07-16 11:56,NAO11,NAO09SKDGI,NAO,2.5
2022-07-16 12:28,NAO32,NORCBPLJD,NO,2.5
2022-07-16 12:48,EG05,EGYTJXEPQ,EG,1.7
2022-07-16 12:54,NO03,NORCBPLJD,NO,3.25
2022-07-16 13:33,NAO40,NAOP0J43D5,NAO,2.5
2022-07-16 14:14,KO01,NOXFGCAQV,NO,3.4
2022-07-16 15:01,KO01,OO3KKV9RF,OO,3.4
2022-07-16 15:41,NAO04,NAOP0J43D5,NAO,2.5
2022-07-16 16:30,EG15,EGVWPVS7H,EG,1.2
2022-07-16 16:45,EG15,NOXFGCAQV,NO,1.2
2022-07-16 16:54,OO10,NAO09SKDGI,NAO,2.5
2022-07-16 17:00,AM06,AMLJH75LX,AM,3.6
2022-07-16 17:16,EG18,EGIGQPKI7,EG,2.1
2022-07-16 17:46,OO10,OOQ0OXFQ8,OO,2.5
2022-07-16 17:46,MO05,MOJCKJLTE,MO,2.6
2022-07-16 17:59,MO02,OOZSJ49IT,OO,1.35
2022-07-16 18:07,KO10,KOJDP0LVS,KO,2.05
2022-07-16 18:36,EG08,EGRHOCN9J,EG,1.8
2022-07-16 18:55,AM10,GEX7EEDTJ,GE,3.1
2022-07-16 19:00,EG36,EGUT0CVS4,EG,1.0
2022-07-16 19:10,EG34,AMLJH75LX,AM,2.0
2022-07-16 19:44,AM10,NAO5ZJA8DZ,NAO,3.1
2022-07-16 20:07,NO05,EGVWPVS7H,EG,3.25
2022-07-16 20:30,NO10,NOX6GVWRD,NO,4.2
2022-07-16 22:07,KO03,OO1B0Z3NX,OO,2.95
2022-07-16 23:20,EG16,NAO09SKDGI,NAO,1.2
2022-07-16 23:23,MO05,NAOLY8OZCY,NAO,2.6
2022-07-17 00:17,NAO32,NAOHAFEYUH,NAO,2.5
2022-07-17 00:24,EG21,EG9CHJ755,EG,1.6
2022-07-17 00:30,EG18,EGC11ERTJ,EG,2.1
2022-07-17 00:48,NO02,NORCBPLJD,NO,3.85
2022-07-17 01:08,OO07,OO3KKV9RF,OO,1.9
2022-07-17 01:42,EG37,EGRHOCN9J,EG,1.4
2022-07-17 02:01,NAO24,NAO5ZJA8DZ,NAO,2.5
2022-07-17 02:26,OO10,OOQ0OXFQ8,OO,2.5
2022-07-17 02:27,EG34,EGC11ERTJ,EG,2.0
2022-07-17 03:15,EG32,EGF1T2TAL,EG,1.4
2022-07-17 03:47,NO11,NAOBMYOFQE,NAO,3.35
2022-07-17 04:10,KO09,KOWM31YIH,KO,2.05
2022-07-17 04:15,KO09,EGC11ERTJ,EG,2.05
2022-07-17 04:38,OO06,OO3KKV9RF,OO,3.5
2022-07-17 04:51,AM10,AMHJ7XVG0,AM,3.1
2022-07-17 05:05,NAO17,OO1B0Z3NX,OO,2.5
2022-07-17 05:53,NAO41,NAOP0J43D5,NAO,2.5
2022-07-17 06:19,AM09,NORCBPLJD,NO,3.1
2022-07-17 06:26,EG33,EGF1T2TAL,EG,2.0
2022-07-17 06:29,NAO26,NAOLY8OZCY,NAO,2.5
2022-07-17 06:40,KO09,KOJDP0LVS,KO,2.05
2022-07-17 06:42,OO03,OOZSJ49IT,OO,2.4
2022-07-17 07:11,MO02,MOV86WZS3,MO,1.35
2022-07-17 07:16,AM09,NOQLL8OS9,NO,3.1
2022-07-17 07:45,OO02,NAOLY8OZCY,NAO,2.3
2022-07-17 08:00,NAO32,NAO5UQPGB7,NAO,2.5
2022-07-17 08:11,EG26,EG9CHJ755,EG,1.8
2022-07-17 08:27,NAO38,NAO5ZJA8DZ,NAO,2.5
2022-07-17 08:35,AM04,KOWKTAKPU,KO,2.2
2022-07-17 08:47,MO08,KONCXLL4Z,KO,3.15
2022-07-17 08:51,AM10,AMNT3W5UZ,AM,3.1
2022-07-17 09:01,OO06,OO3KKV9RF,OO,3.5
2022-07-17 10:41,NO12,NOX6GVWRD,NO,3.35
2022-07-17 10:55,NAO39,NAOURTP0LZ,NAO,2.5
2022-07-17 10:58,EG07,AMH9SDBDW,AM,1.8
2022-07-17 10:59,NO12,NOQLL8OS9,NO,3.35
2022-07-17 11:07,GE02,GE5A0L725,GE,14.7
2022-07-17 11:10,EG33,EGIGQPKI7,EG,2.0
2022-07-17 11:20,NAO09,KOJDP0LVS,KO,2.5
2022-07-17 11:21,NAO10,EGSEIMVIH,EG,2.5
2022-07-17 11:24,AM04,AMV3A3ZMF,AM,2.2
2022-07-17 11:54,MO05,MOJCKJLTE,MO,2.6
2022-07-17 12:03,NAO38,NAO5ZJA8DZ,NAO,2.5
2022-07-17 12:17,EG22,EGRHOCN9J,EG,1.6
2022-07-17 12:23,NO04,MOV86WZS3,MO,3.25
2022-07-17 12:39,NAO29,EGC11ERTJ,EG,2.5
2022-07-17 13:34,NO10,NAOVZ41NAM,NAO,4.2
2022-07-17 14:19,AM08,KOIXA11DP,KO,2.8
2022-07-17 14:26,NAO30,NAONSM43D8,NAO,2.5
2022-07-17 15:02,NAO14,EG7UR23GD,EG,2.5
2022-07-17 15:02,NO06,EGVWPVS7H,EG,3.25
2022-07-17 15:24,EG19,EGYTJXEPQ,EG,1.4
2022-07-17 15:33,OO03,OOZSJ49IT,OO,2.4
2022-07-17 15:46,MO08,MOV86WZS3,MO,3.15
2022-07-17 15:55,NO09,NAOHL1N13J,NAO,4.2
2022-07-17 16:00,KO04,KOIXA11DP,KO,2.95
2022-07-17 16:02,NAO23,NAOHL1N13J,NAO,2.5
2022-07-17 17:23,AM02,AMV3A3ZMF,AM,2.0
2022-07-17 17:59,EG37,KOJDP0LVS,KO,1.4
2022-07-17 18:38,AM03,EGSEIMVIH,EG,2.2
2022-07-17 18:39,EG17,OO3KKV9RF,OO,2.1
2022-07-17 18:44,OO03,OO3KKV9RF,OO,2.4
2022-07-17 18:47,NAO07,NAO5ZJA8DZ,NAO,2.5
2022-07-17 18:59,KO02,KOWM31YIH,KO,3.4
