{
    "answers": {
        "phase":  "architecture",
        "action":  "architectural decision",
        "scope": "uml component",
        "action experience": 0, 
        "language": "n/a",
        "other language": "<fill in>",
        "aimodel": "chatgpt", 
        "aimodel version": "CHAT-GPT 3.5",
        "open source aimodel": "<fill in>",
        "tool option": "online free", 
        "experience with tool":  4, 
        "time allocated (h)": "0.7",
        "time saved estimate (h)": "1", 
        "quality of ai help":  3,
        "knowledge acquired":  3, 
        "generic feeling - now":  4, 
        "generic feeling - future":  5,
        "threat level": 4, 
        "notes": "<fill in>"
    }
}