{
    "answers": {
        "phase":  "design", 
        "action":  "design decision",
        "scope": "uml other", 
        "action experience": 0,
        "language": "n/a", 
        "other language": "<fill in>",
        "aimodel": "chatgpt",
        "aimodel version": "4.0",
        "open source aimodel": "<fill in>",
        "tool option": "online free",
        "experience with tool": 4,
        "time allocated (h)": "0.3",
        "time saved estimate (h)": "1", 
        "quality of ai help": 4,
        "knowledge acquired": 3,
        "generic feeling - now": 4,
        "generic feeling - future": 5,
        "threat level": 3,
        "notes": "<fill in>"
    }
}