{
    "answers": {
        "phase": "coding",
        "action": "source code authoring",
        "scope": "messaging design",
        "action experience": 1,
        "language": "python",
        "other language": "<fill in>",
        "aimodel": "open source",
        "aimodel version": "<fill in",
        "open source aimodel": "3.5 sonnet",
        "tool option": "online free",
        "experience with tool": 1,
        "time allocated (h)": "0.1",
        "time saved estimate (h)": "0", 
        "quality of ai help": 1,
        "knowledge acquired": 1,
        "generic feeling - now": 1,
        "generic feeling - future": 1,
        "threat level": 1,
        "notes": "not helpfull"
    }
}