{
    "answers": {
        "phase": "testing",
        "action": "source code authoring",
        "scope": "backend",
        "action experience": 3,
        "language": "python",
        "other language": "<fill in>",
        "aimodel": "chatgpt",
        "aimodel version": "4o",
        "open source aimodel": "<fill in>",
        "tool option": "online free",
        "experience with tool": 3,
        "time allocated (h)": 0.5,
        "time saved estimate (h)": 2.5, 
        "quality of ai help": 3,
        "knowledge acquired": 3,
        "generic feeling - now": 3,
        "generic feeling - future": 3,
        "threat level": 3,
        "notes": "help with test cli code"
    }
}