{
    "answers": {
        "phase":  "design", 
        "action": "design decision",
        "scope": "uml activity", 
        "action experience": 1,
        "language": "n/a",
        "other language": "<fill in>",
        "aimodel": "chatgpt",
        "aimodel version": "4.0",
        "open source aimodel": "<fill in>",
        "tool option": "online free", 
        "experience with tool": 4,
        "time allocated (h)": "0.6",
        "time saved estimate (h)": "2", 
        "quality of ai help": 3,
        "knowledge acquired": 2,
        "generic feeling - now":  4, 
        "generic feeling - future":  5,
        "threat level": 2,
        "notes": "<fill in>"
    }
}